[{
    "status": 200,
    "message": "ok",
    "data": {
        "2019-12": 0.02,
        "2019-11": 0.05,
        "2019-10": 0.05,
        "2019-9": 0.05,
        "2019-8": 0.07
    }
},



{
    "status": 200,
    "message": "ok",
    "data": {
        "2019-12": {
            "status": 200,
            "message": "ok",
            "data": "0.86"
        },
        "2019-11": {
            "status": 200,
            "message": "ok",
            "data": "0.60"
        },
        "2019-10": {
            "status": 200,
            "message": "ok",
            "data": "0.06"
        },
        "2019-8": {
            "status": 200,
            "message": "ok",
            "data": "0.00"
        },
        "2019-9": {
            "status": 200,
            "message": "ok",
            "data": "0.13"
        }
    }
}]
