{
  "status": 200,
  "message": "成功获取数据",
  "data": {
    "ciYun": [
      {
        "name": "工程师",
        "value": "1.88834169215"
      },
      {
        "name": " 销售",
        "value": "0.465221107268"
      },
      {
        "name": " 前端开发",
        "value": "0.378241141699"
      },
      {
        "name": " 专员",
        "value": "0.356045878258"
      },
      {
        "name": " 测试工程师",
        "value": "0.325438493754"
      },
      {
        "name": " 软件工程师",
        "value": "0.25960100317"
      },
      {
        "name": " 软件测试",
        "value": "0.201642902623"
      },
      {
        "name": " 经理",
        "value": "0.178030051485"
      },
      {
        "name": " 质量工程师",
        "value": "0.147132228191"
      },
      {
        "name": " ui设计",
        "value": "0.137010038443"
      },
      {
        "name": " 客服",
        "value": "0.111991021966"
      },
      {
        "name": " 司机",
        "value": "0.102844673734"
      },
      {
        "name": " 算法工程师",
        "value": "0.100212562321"
      },
      {
        "name": " 主管",
        "value": "0.0969390050782"
      },
      {
        "name": " 运维工程师",
        "value": "0.0946179617197"
      },
      {
        "name": " 研发工程师",
        "value": "0.0898019910988"
      },
      {
        "name": " 数据分析师",
        "value": "0.0813524139016"
      },
      {
        "name": " 项目经理",
        "value": "0.0796376961037"
      },
      {
        "name": " 产品经理",
        "value": "0.0677408083144"
      },
      {
        "name": " 房产经纪人",
        "value": "0.0676254557247"
      },
      {
        "name": " 外贸业务员",
        "value": "0.0673370742504"
      },
      {
        "name": " 销售顾问",
        "value": "0.0639053347061"
      },
      {
        "name": " 架构师",
        "value": "0.0616559592066"
      },
      {
        "name": " 数据分析",
        "value": "0.0615966876341"
      },
      {
        "name": " 外贸",
        "value": "0.0615048084126"
      },
      {
        "name": " 置业顾问",
        "value": "0.0553692430667"
      },
      {
        "name": " 课程顾问",
        "value": "0.0513319024264"
      },
      {
        "name": " 前端工程师",
        "value": "0.0509570065098"
      },
      {
        "name": " 房地产销售",
        "value": "0.0502360528241"
      },
      {
        "name": " java工程师",
        "value": "0.0493420702537"
      },
      {
        "name": " 高级工程师",
        "value": "0.0445260996328"
      },
      {
        "name": " 总监",
        "value": "0.042107264582"
      },
      {
        "name": " 技术员",
        "value": "0.0357887269823"
      },
      {
        "name": " 硬件测试",
        "value": "0.0352113780127"
      },
      {
        "name": " 设计师",
        "value": "0.0342589833553"
      },
      {
        "name": " 实施工程师",
        "value": "0.0335387654618"
      },
      {
        "name": " 文员",
        "value": "0.0335125103718"
      },
      {
        "name": " 速卖通",
        "value": "0.0316066095839"
      },
      {
        "name": " 后端开发",
        "value": "0.0296456155586"
      },
      {
        "name": " 讲师",
        "value": "0.0291928790602"
      },
      {
        "name": " 美工",
        "value": "0.0290129273247"
      },
      {
        "name": " 质检员",
        "value": "0.0277495007166"
      },
      {
        "name": " 硬件工程师",
        "value": "0.0275115926488"
      },
      {
        "name": " 运维",
        "value": "0.0274539163539"
      },
      {
        "name": " 客户经理",
        "value": "0.027333990117"
      },
      {
        "name": " 业务员",
        "value": "0.0270279529946"
      },
      {
        "name": " 安全员",
        "value": "0.0251379969116"
      },
      {
        "name": " 程序员",
        "value": "0.0251375539228"
      },
      {
        "name": " 平面设计师",
        "value": "0.0242817201365"
      },
      {
        "name": " 系统工程师",
        "value": "0.0240510149571"
      },
      {
        "name": " 技术经理",
        "value": "0.0239068242199"
      },
      {
        "name": " 电子工程师",
        "value": "0.0235896045982"
      },
      {
        "name": " 网约",
        "value": "0.0211960383615"
      },
      {
        "name": " 售后",
        "value": "0.0208233277158"
      },
      {
        "name": " 店长",
        "value": "0.0201719581496"
      },
      {
        "name": " 数据库",
        "value": "0.0201552430855"
      },
      {
        "name": " 经纪人",
        "value": "0.0198878764409"
      },
      {
        "name": " 自动化测试",
        "value": "0.0191773680413"
      },
      {
        "name": " 系统架构师",
        "value": "0.0184564143556"
      },
      {
        "name": " 算法",
        "value": "0.0179255156394"
      },
      {
        "name": " 技术总监",
        "value": "0.017879651407"
      },
      {
        "name": " 单片机",
        "value": "0.0174470791955"
      },
      {
        "name": " 猎头顾问",
        "value": "0.0169856688366"
      },
      {
        "name": " 老师",
        "value": "0.0169733651258"
      },
      {
        "name": " 售前工程师",
        "value": "0.0165819347726"
      },
      {
        "name": " 助理工程师",
        "value": "0.0160340099714"
      },
      {
        "name": " 银行",
        "value": "0.0159644351259"
      },
      {
        "name": " 销售主管",
        "value": "0.0157441904066"
      },
      {
        "name": " 测试开发",
        "value": "0.0154572470228"
      },
      {
        "name": " 约车",
        "value": "0.0153130562856"
      },
      {
        "name": " 普工",
        "value": "0.0152265418433"
      },
      {
        "name": " 网络工程师",
        "value": "0.0150535129588"
      },
      {
        "name": " 检验员",
        "value": "0.0144219220611"
      },
      {
        "name": " 交易员",
        "value": "0.0142583258931"
      },
      {
        "name": " 平面设计",
        "value": "0.0141170610124"
      },
      {
        "name": " 数据挖掘",
        "value": "0.0140503270748"
      },
      {
        "name": " 人事",
        "value": "0.0139476589002"
      },
      {
        "name": " 游戏开发",
        "value": "0.0134962529975"
      },
      {
        "name": " 汽车销售",
        "value": "0.0133809004078"
      },
      {
        "name": " 系统运维工程师",
        "value": "0.0133232241129"
      },
      {
        "name": " 招聘网",
        "value": "0.0130925189335"
      },
      {
        "name": " 管理员",
        "value": "0.0128696591058"
      },
      {
        "name": " 货车司机",
        "value": "0.0125734322797"
      },
      {
        "name": " 分析师",
        "value": "0.0125332460378"
      },
      {
        "name": " 计算机",
        "value": "0.0124425616362"
      },
      {
        "name": " 安全工程师",
        "value": "0.0121120219208"
      },
      {
        "name": " 人工智能",
        "value": "0.0114304800762"
      },
      {
        "name": " 分析员",
        "value": "0.0114199398178"
      },
      {
        "name": " 电话客服",
        "value": "0.0111892012031"
      },
      {
        "name": " 研究员",
        "value": "0.010783335235"
      },
      {
        "name": " 质检",
        "value": "0.010723716505"
      },
      {
        "name": " 游戏测试",
        "value": "0.0106412764019"
      },
      {
        "name": " 咨询师",
        "value": "0.0106315452106"
      },
      {
        "name": " 市场营销",
        "value": "0.0105268203757"
      },
      {
        "name": " 五险",
        "value": "0.0105259238122"
      },
      {
        "name": " 电气工程师",
        "value": "0.0103240567801"
      },
      {
        "name": " 总经理助理",
        "value": "0.0102952186327"
      },
      {
        "name": " 供应商",
        "value": "0.00999611596811"
      },
      {
        "name": " 网络推广",
        "value": "0.00983380827382"
      },
      {
        "name": " 视觉设计师",
        "value": "0.00980497012639"
      },
      {
        "name": " 驾驶员",
        "value": "0.00979759304719"
      },
      {
        "name": " 电子商务",
        "value": "0.00978769952305"
      },
      {
        "name": " 嵌入式开发",
        "value": "0.00963194124181"
      },
      {
        "name": " 美工设计",
        "value": "0.00952618547704"
      },
      {
        "name": " 天猫运营",
        "value": "0.0093435597675"
      },
      {
        "name": " 云计算",
        "value": "0.00928588347264"
      },
      {
        "name": " 销售业务",
        "value": "0.00920836899274"
      },
      {
        "name": " 物流",
        "value": "0.0091883350113"
      },
      {
        "name": " 交互设计师",
        "value": "0.00899750199834"
      },
      {
        "name": " 运维开发工程师",
        "value": "0.00893982570348"
      },
      {
        "name": " 教师",
        "value": "0.00886760639"
      },
      {
        "name": " php程序员",
        "value": "0.00876679681889"
      },
      {
        "name": " 金融销售",
        "value": "0.00873795867146"
      },
      {
        "name": " 汽车销售顾问",
        "value": "0.00850725349202"
      },
      {
        "name": " 储备店长",
        "value": "0.00850725349202"
      },
      {
        "name": " 网页设计师",
        "value": "0.00836306275486"
      },
      {
        "name": " 区块链",
        "value": "0.00821887201771"
      },
      {
        "name": " 行政助理",
        "value": "0.00819003387028"
      },
      {
        "name": " php工程师",
        "value": "0.00816119572285"
      },
      {
        "name": " 机器视觉",
        "value": "0.00772862351139"
      },
      {
        "name": " 采购员",
        "value": "0.0075471804386"
      },
      {
        "name": " 全栈工程师",
        "value": "0.00752675647938"
      },
      {
        "name": " 链家",
        "value": "0.00752675647938"
      },
      {
        "name": " 机电工程",
        "value": "0.00732488944736"
      },
      {
        "name": " 芯片",
        "value": "0.00721014062789"
      },
      {
        "name": " 数据产品经理",
        "value": "0.00712302241535"
      },
      {
        "name": " 店员",
        "value": "0.00707300642348"
      },
      {
        "name": " 爬虫",
        "value": "0.00704971300374"
      },
      {
        "name": " 策划",
        "value": "0.00683274038495"
      },
      {
        "name": " 大数据分析",
        "value": "0.00677696464618"
      },
      {
        "name": " 品管",
        "value": "0.00677350670902"
      },
      {
        "name": " 架构",
        "value": "0.00676999126473"
      },
      {
        "name": " 嵌入式工程师",
        "value": "0.00663277390903"
      },
      {
        "name": " 机器学习",
        "value": "0.00663277390903"
      },
      {
        "name": " 业务经理",
        "value": "0.00659790891334"
      },
      {
        "name": " 机械工程师",
        "value": "0.00651742131931"
      },
      {
        "name": " 总经理",
        "value": "0.00648553513258"
      },
      {
        "name": " 市场推广",
        "value": "0.00645261940861"
      },
      {
        "name": " 班主任",
        "value": "0.00644086141723"
      },
      {
        "name": " 前台",
        "value": "0.00638803163966"
      },
      {
        "name": " 中级工程师",
        "value": "0.00637323058216"
      },
      {
        "name": " 驱动开发",
        "value": "0.00634439243473"
      },
      {
        "name": " 淘宝客服",
        "value": "0.00634439243473"
      },
      {
        "name": " 体系",
        "value": "0.00621650950867"
      },
      {
        "name": " 数据运营",
        "value": "0.00620020169757"
      },
      {
        "name": " 销售储备干部",
        "value": "0.00617136355014"
      },
      {
        "name": " 文案策划",
        "value": "0.00608484910785"
      },
      {
        "name": " 导购",
        "value": "0.00598852360889"
      },
      {
        "name": " 市场总监",
        "value": "0.0059170102947"
      },
      {
        "name": " 管家",
        "value": "0.00580031066095"
      },
      {
        "name": " 银行客服",
        "value": "0.00573879133868"
      },
      {
        "name": " 可靠性",
        "value": "0.00569123633105"
      },
      {
        "name": " 人寿",
        "value": "0.00565313422352"
      },
      {
        "name": " 房地产经纪人",
        "value": "0.00565227689639"
      },
      {
        "name": " 人力资源",
        "value": "0.00563305657829"
      },
      {
        "name": " 仓库管理员",
        "value": "0.00550808615924"
      },
      {
        "name": " 品保",
        "value": "0.00547924801181"
      },
      {
        "name": " 财务",
        "value": "0.00547169597862"
      },
      {
        "name": " 检验",
        "value": "0.00544604110779"
      },
      {
        "name": " 区域经理",
        "value": "0.00543385669746"
      },
      {
        "name": " 系统集成",
        "value": "0.00538376509115"
      },
      {
        "name": " 编辑",
        "value": "0.00533829543199"
      },
      {
        "name": " 开发人员",
        "value": "0.00533696577978"
      },
      {
        "name": " 嵌入式硬件工程师",
        "value": "0.00533505727466"
      },
      {
        "name": " 驻厂",
        "value": "0.00533249825141"
      },
      {
        "name": " 网页",
        "value": "0.00531113259458"
      },
      {
        "name": " 上位",
        "value": "0.00526488804653"
      },
      {
        "name": " 经理助理",
        "value": "0.0052264359164"
      },
      {
        "name": " 国际贸易",
        "value": "0.00514169552902"
      },
      {
        "name": " 售后工程师",
        "value": "0.00507551394778"
      },
      {
        "name": " 网销",
        "value": "0.00501783765292"
      },
      {
        "name": " 营业员",
        "value": "0.00500513434057"
      },
      {
        "name": " 服务员",
        "value": "0.00498659224437"
      },
      {
        "name": " 操盘手",
        "value": "0.00498078006204"
      },
      {
        "name": " 规划师",
        "value": "0.00496577797275"
      },
      {
        "name": " 网页设计",
        "value": "0.00496016135806"
      },
      {
        "name": " 淘宝运营",
        "value": "0.00496016135806"
      },
      {
        "name": " 网络营销",
        "value": "0.00492207419909"
      },
      {
        "name": " 制程",
        "value": "0.00492186844135"
      },
      {
        "name": " 技术主管",
        "value": "0.0048957028689"
      },
      {
        "name": " 外贸跟单",
        "value": "0.0048159706209"
      },
      {
        "name": " 技师",
        "value": "0.00481030489242"
      },
      {
        "name": " 产品运营",
        "value": "0.00475829432604"
      },
      {
        "name": " 固件",
        "value": "0.00470061803118"
      },
      {
        "name": " 射频",
        "value": "0.00468927804026"
      },
      {
        "name": " 人事行政",
        "value": "0.00451190134917"
      },
      {
        "name": " 合肥",
        "value": "0.00450330291592"
      },
      {
        "name": " 淘宝美工",
        "value": "0.00429688396715"
      },
      {
        "name": " 无感",
        "value": "0.00423084223206"
      },
      {
        "name": " 信贷专员",
        "value": "0.00421036952486"
      },
      {
        "name": " 滴滴",
        "value": "0.00420150557484"
      },
      {
        "name": " oracle",
        "value": "0.00415269323"
      },
      {
        "name": " 经理人",
        "value": "0.00409932639384"
      },
      {
        "name": " 测试经理",
        "value": "0.00409501693514"
      },
      {
        "name": " 营销经理",
        "value": "0.00406617878771"
      },
      {
        "name": " 金融数据分析师",
        "value": "0.00400850249285"
      },
      {
        "name": " 数据库管理员",
        "value": "0.00399033316026"
      },
      {
        "name": " 图像处理",
        "value": "0.0039721593743"
      },
      {
        "name": " 硬件开发",
        "value": "0.00392198805056"
      },
      {
        "name": " 电源",
        "value": "0.00383811531669"
      },
      {
        "name": " 中介",
        "value": "0.0038074642762"
      },
      {
        "name": " 自然语言处理",
        "value": "0.00380663546084"
      },
      {
        "name": " 产品总监",
        "value": "0.00372012101854"
      },
      {
        "name": " 信贷销售",
        "value": "0.00372012101854"
      },
      {
        "name": " 资料员",
        "value": "0.00369577764326"
      },
      {
        "name": " 信息技术",
        "value": "0.00366888049119"
      },
      {
        "name": " 软件架构师",
        "value": "0.00366244472368"
      },
      {
        "name": " sem",
        "value": "0.00360476842882"
      },
      {
        "name": " 销售员",
        "value": "0.00360384270289"
      },
      {
        "name": " 车载",
        "value": "0.00358134801064"
      },
      {
        "name": " 技术开发",
        "value": "0.0035781085653"
      },
      {
        "name": " 项目管理",
        "value": "0.00353866558987"
      },
      {
        "name": " 电机",
        "value": "0.00351646657626"
      },
      {
        "name": " 质量体系",
        "value": "0.0034894158391"
      },
      {
        "name": " 外汇",
        "value": "0.00348243525227"
      },
      {
        "name": " 音频",
        "value": "0.0034785683667"
      },
      {
        "name": " 商业地产",
        "value": "0.00347454003934"
      },
      {
        "name": " 货源",
        "value": "0.00346638339285"
      },
      {
        "name": " 助教",
        "value": "0.00346153760241"
      },
      {
        "name": " 医药",
        "value": "0.00343231552769"
      },
      {
        "name": " 投资顾问",
        "value": "0.00343173954424"
      },
      {
        "name": " 房产中介",
        "value": "0.00343173954424"
      },
      {
        "name": " 管员",
        "value": "0.00339702660968"
      },
      {
        "name": " 住房补贴",
        "value": "0.00335962885335"
      },
      {
        "name": " 音视频",
        "value": "0.00335087829677"
      },
      {
        "name": " 结构工程师",
        "value": "0.00334522510195"
      },
      {
        "name": " 招商专员",
        "value": "0.00334522510195"
      },
      {
        "name": " 商务英语",
        "value": "0.00331968893165"
      },
      {
        "name": " 嵌入式linux",
        "value": "0.00331638695452"
      },
      {
        "name": " 小车司机",
        "value": "0.00328754880708"
      },
      {
        "name": " 功能测试",
        "value": "0.00325262450879"
      },
      {
        "name": " 客诉",
        "value": "0.00322987251222"
      },
      {
        "name": " 新能源",
        "value": "0.00322792776137"
      },
      {
        "name": " 租车",
        "value": "0.00322127689156"
      },
      {
        "name": " 研发部",
        "value": "0.00316062208"
      },
      {
        "name": " 网络安全",
        "value": "0.00313208127404"
      },
      {
        "name": " 物流专员",
        "value": "0.0031145199225"
      },
      {
        "name": " 招生老师",
        "value": "0.0031145199225"
      },
      {
        "name": " 英语老师",
        "value": "0.00309043475342"
      },
      {
        "name": " 网店运营",
        "value": "0.00305684362764"
      },
      {
        "name": " 班车",
        "value": "0.00299698091955"
      },
      {
        "name": " 导师",
        "value": "0.00296390571441"
      },
      {
        "name": " 产品助理",
        "value": "0.00294149103792"
      },
      {
        "name": " 临时工",
        "value": "0.0029274525532"
      },
      {
        "name": " 督导",
        "value": "0.00292518207381"
      },
      {
        "name": " 培训师",
        "value": "0.00292100007543"
      },
      {
        "name": " 剧组",
        "value": "0.00291397522762"
      },
      {
        "name": " 房聘",
        "value": "0.00291265289049"
      },
      {
        "name": " 文案",
        "value": "0.00289973985836"
      },
      {
        "name": " 语音",
        "value": "0.00289583453699"
      },
      {
        "name": " 贷款销售",
        "value": "0.00285497659563"
      },
      {
        "name": " 功能",
        "value": "0.00284532106348"
      },
      {
        "name": " 电路设计",
        "value": "0.0028411495281"
      },
      {
        "name": " 跟单员",
        "value": "0.0028261384482"
      },
      {
        "name": " 资深平面设计",
        "value": "0.00279730030077"
      },
      {
        "name": " 配置管理",
        "value": "0.00277730453426"
      },
      {
        "name": " 无车",
        "value": "0.00276846215333"
      },
      {
        "name": " 移库",
        "value": "0.0027396240059"
      },
      {
        "name": " 终端",
        "value": "0.00271848846611"
      },
      {
        "name": " 系统维护",
        "value": "0.00271762128774"
      },
      {
        "name": " 车务员",
        "value": "0.00271078585847"
      },
      {
        "name": " 手机软件",
        "value": "0.00265788630265"
      },
      {
        "name": " 测试人员",
        "value": "0.00264904470303"
      },
      {
        "name": " 网络管理员",
        "value": "0.00262636407044"
      },
      {
        "name": " 副经理",
        "value": "0.00260133241074"
      },
      {
        "name": " 车辆",
        "value": "0.00256175153007"
      },
      {
        "name": " 互联网销售",
        "value": "0.00253775697389"
      },
      {
        "name": " 图像识别",
        "value": "0.00253775697389"
      },
      {
        "name": " 界面",
        "value": "0.00250937302641"
      },
      {
        "name": " 市场运营",
        "value": "0.00250891882646"
      },
      {
        "name": " 施工员",
        "value": "0.00250891882646"
      },
      {
        "name": " 学员",
        "value": "0.0024993263389"
      },
      {
        "name": " 运维经理",
        "value": "0.00248008067903"
      },
      {
        "name": " node.js",
        "value": "0.00248008067903"
      },
      {
        "name": " 数据处理",
        "value": "0.00246606273635"
      },
      {
        "name": " 电子厂普工",
        "value": "0.0024512425316"
      },
      {
        "name": " 测量",
        "value": "0.0024252580839"
      },
      {
        "name": " 董事长",
        "value": "0.00242437203008"
      },
      {
        "name": " 操作员",
        "value": "0.00242145830532"
      },
      {
        "name": " 质量保证",
        "value": "0.00241778184064"
      },
      {
        "name": " 动画",
        "value": "0.00240535232264"
      },
      {
        "name": " 滴滴司机",
        "value": "0.00239356623674"
      },
      {
        "name": " 材料",
        "value": "0.00237611917085"
      },
      {
        "name": " 英语教师",
        "value": "0.00233588994188"
      },
      {
        "name": " 化妆",
        "value": "0.00231777325363"
      },
      {
        "name": " 摄影师",
        "value": "0.00230816637021"
      },
      {
        "name": " 全能",
        "value": "0.00225621930656"
      },
      {
        "name": " 技工",
        "value": "0.00225504536503"
      },
      {
        "name": " 寒暑假",
        "value": "0.00224757475682"
      },
      {
        "name": " 高级网络工程师",
        "value": "0.00222053735215"
      },
      {
        "name": " 电子产品",
        "value": "0.00221585610981"
      },
      {
        "name": " 秘书",
        "value": "0.00220774429677"
      },
      {
        "name": " 多媒体",
        "value": "0.0022076450794"
      },
      {
        "name": " 协议",
        "value": "0.00218146438236"
      },
      {
        "name": " 中间件",
        "value": "0.0021644361218"
      },
      {
        "name": " 高级架构师",
        "value": "0.00216286105729"
      },
      {
        "name": " 视觉设计",
        "value": "0.00216286105729"
      },
      {
        "name": " 测量员",
        "value": "0.00216286105729"
      },
      {
        "name": " 跨境",
        "value": "0.00213100943737"
      },
      {
        "name": " 公费",
        "value": "0.00210897845413"
      }
    ]
  },
  "accessToken": null
}